date,rain,maxtp,mintp
01/01/2023,0.9,6.8,1.8
02/01/2023,0,6.9,0.2
03/01/2023,2,13.4,5.9
04/01/2023,0.4,12.6,9.1
05/01/2023,3.3,12.9,6.9
06/01/2023,2.2,11.7,5.7
07/01/2023,2.8,10.6,5.3
08/01/2023,0,7.7,4.9
09/01/2023,0.9,8,3.8
10/01/2023,8.5,13.8,5.7
11/01/2023,5.7,11.7,5.6
12/01/2023,3.3,11.9,5.7
13/01/2023,2.1,9.8,6.2
14/01/2023,5.1,9.3,2.2
15/01/2023,2.6,5.4,1.5
16/01/2023,0,2.6,-3
17/01/2023,0,2,-3.9
18/01/2023,0,4,0
19/01/2023,0,4,-1.3
20/01/2023,0,8,-3.4
21/01/2023,0,9.6,4.9
22/01/2023,0.2,11.5,8.7
23/01/2023,0.4,12.2,4.7
24/01/2023,0.1,11.5,4.7
25/01/2023,0.9,10.1,2.2
26/01/2023,0,8.2,2.6
27/01/2023,0,7.5,0.5
28/01/2023,0.6,7.3,2.7
29/01/2023,0.2,10.2,4.2
30/01/2023,0,8.9,3.8
31/01/2023,0.2,8.9,5.9
01/02/2023,0,10.3,5.7
02/02/2023,0.3,10.5,8.6
03/02/2023,0,12.3,7.2
04/02/2023,1,11.5,1.2
05/02/2023,0,9.4,-2.4
06/02/2023,0,10.4,-1
07/02/2023,0,10.5,2.5
08/02/2023,0.4,9.9,2.4
09/02/2023,0,8.4,1.1
10/02/2023,0,12,4.2
11/02/2023,0.1,11.2,7.8
12/02/2023,0,11.5,4.2
13/02/2023,0,12.4,0.5
14/02/2023,0,15.9,4.8
15/02/2023,5.4,10.6,5.5
16/02/2023,0.4,13.4,7.9
17/02/2023,0.6,13.3,10.8
18/02/2023,0.8,11.9,8.9
19/02/2023,0,12.3,7.2
20/02/2023,0,12.7,6.7
21/02/2023,1.1,12.7,7.6
22/02/2023,1.2,8.2,3.4
23/02/2023,0,9.5,-0.1
24/02/2023,0,11.1,2.5
25/02/2023,0,7.2,1.1
26/02/2023,0,8.9,5.2
27/02/2023,0,7.9,5.9
28/02/2023,0.9,7.4,4.1
01/03/2023,0,8.8,5.4
02/03/2023,1.6,8,4.8
03/03/2023,0.2,7.4,4.7
04/03/2023,0,5.7,3.5
05/03/2023,0,10.3,2.7
06/03/2023,6.5,7.7,2.4
07/03/2023,0,6.9,-1.5
08/03/2023,0.7,5.5,0.9
09/03/2023,30.3,3.7,1.2
10/03/2023,7.4,7.5,-1.5
11/03/2023,9.4,10,-0.8
12/03/2023,2.1,13.4,7.8
13/03/2023,9.2,15.2,2.6
14/03/2023,1.3,7.3,-0.7
15/03/2023,6.4,10.9,-1
16/03/2023,1,15.2,8.5
17/03/2023,0.6,13.8,7.3
18/03/2023,1.3,11.6,4.3
19/03/2023,2.2,11.2,1.9
20/03/2023,1.2,16,10.2
21/03/2023,2.9,13.8,9.5
22/03/2023,1.1,13.5,6.3
23/03/2023,3.2,14.1,6.4
24/03/2023,0.8,13.5,6.8
25/03/2023,0.9,12.8,5.7
26/03/2023,0.3,10.1,0.6
27/03/2023,0,10.6,-1.6
28/03/2023,2.1,15.7,7.7
29/03/2023,3.3,17.1,10.2
30/03/2023,5.9,16.7,7.9
31/03/2023,19.4,12,8.9
01/04/2023,10.3,12.1,7.8
02/04/2023,0.2,12.1,6.2
03/04/2023,0,12.5,4.4
04/04/2023,2.1,14.4,5.4
05/04/2023,0.4,15.2,8.6
06/04/2023,0.8,14,3.2
07/04/2023,0,14,1.4
08/04/2023,0,15,3.7
09/04/2023,0.8,13.2,8.8
10/04/2023,3.8,11.4,5
11/04/2023,6.4,10.8,3.1
12/04/2023,5.3,7.5,2.4
13/04/2023,0,13.3,3.2
14/04/2023,0,13.9,1.1
15/04/2023,4.5,13.7,2.3
16/04/2023,1.5,18.9,7.9
17/04/2023,0,17.9,8
18/04/2023,0,12.5,9.6
19/04/2023,0,12.2,7.7
20/04/2023,0,12.8,7.1
21/04/2023,0,15.2,8.2
22/04/2023,7.8,9.7,6.2
23/04/2023,1.2,12.6,5
24/04/2023,10.8,9.1,1.9
25/04/2023,0.2,11.6,0.5
26/04/2023,0,13.4,5.7
27/04/2023,0,12.9,9
28/04/2023,0.4,17.3,7.9
29/04/2023,7.3,18.3,6.9
30/04/2023,12.6,18.1,11
01/05/2023,0.2,17.9,7.5
02/05/2023,0,18.5,7.5
03/05/2023,0,16.6,10
04/05/2023,6.3,14.4,9.5
05/05/2023,0,19.7,10.2
06/05/2023,0,17.3,8.6
07/05/2023,2.8,19.3,8.3
08/05/2023,7.7,20.2,10.3
09/05/2023,1.8,17.5,8.5
10/05/2023,2.2,16.5,10
11/05/2023,6.4,14.9,6.9
12/05/2023,0,16.4,5.6
13/05/2023,0,16.8,5.8
14/05/2023,0.4,16.7,5.4
15/05/2023,0,15.8,3.7
16/05/2023,0,18.8,3.9
17/05/2023,0,20.1,6.1
18/05/2023,0,18.5,9.4
19/05/2023,0.1,17.1,8.6
20/05/2023,0,16,11.2
21/05/2023,0,17.8,9.7
22/05/2023,0,17.2,8.8
23/05/2023,0,19.3,7.5
24/05/2023,0,18.1,7.4
25/05/2023,0,20.3,9.2
26/05/2023,0,18.8,9.3
27/05/2023,0,20.5,8.1
28/05/2023,0,16,10.9
29/05/2023,0,17.1,6.7
30/05/2023,0,18.2,7.8
31/05/2023,0,16.3,7.5
01/06/2023,0,16.5,7.6
02/06/2023,0,15.7,7.2
03/06/2023,0,19.3,6.4
04/06/2023,0,19.5,7.1
05/06/2023,0,19.5,8.9
06/06/2023,0,16.9,8
07/06/2023,0,14.9,6.7
08/06/2023,0,15.8,7.6
09/06/2023,0,18.7,10.2
10/06/2023,0.9,19.5,11.1
11/06/2023,0,23.2,14.9
12/06/2023,0.9,21.8,14.3
13/06/2023,4.3,25.2,14.4
14/06/2023,0,21.8,11.5
15/06/2023,0,23.4,9.3
16/06/2023,11.7,22,11.4
17/06/2023,5.8,20.3,14.2
18/06/2023,0.8,22.2,14.7
19/06/2023,0,22.6,13.5
20/06/2023,17.7,19.7,12.6
21/06/2023,0,23.8,12.3
22/06/2023,0,21,9.7
23/06/2023,0.3,22.2,16.8
24/06/2023,0,25.2,17.8
25/06/2023,3.9,21.5,11.8
26/06/2023,0.1,20.9,11.2
27/06/2023,0.3,23.2,14.6
28/06/2023,2.4,21,13.1
29/06/2023,0,19.7,9.5
30/06/2023,1.8,17.9,13.1
01/07/2023,0,20.2,10.9
02/07/2023,0.1,18.9,10
03/07/2023,11.6,18.8,8.9
04/07/2023,2.2,20,8.8
05/07/2023,0.7,19,8.8
06/07/2023,1.4,18.2,12.1
07/07/2023,0,22.2,15.6
08/07/2023,0,22.3,13.5
09/07/2023,0.3,22.5,11.5
10/07/2023,17,17.6,13.4
11/07/2023,0.7,20.9,13
12/07/2023,1.6,21,11.1
13/07/2023,1.7,20.4,10.9
14/07/2023,15.6,18.2,12.3
15/07/2023,11.2,15.8,13.1
16/07/2023,6.9,19.5,11.3
17/07/2023,0,20,11.1
18/07/2023,12.2,18.5,12.4
19/07/2023,0.6,18.5,12.4
20/07/2023,0.5,19.5,11.4
21/07/2023,4.9,18.9,10.6
22/07/2023,36,20,13.4
23/07/2023,4.9,16,12.2
24/07/2023,0,18.8,9.8
25/07/2023,0,20,7.3
26/07/2023,8,17.8,9.8
27/07/2023,0.4,23.5,15
28/07/2023,0.4,21.1,12.8
29/07/2023,3.2,20.5,12
30/07/2023,2.6,18.1,13.1
31/07/2023,4.4,18.3,12.8
01/08/2023,9.8,20.3,11.9
02/08/2023,7.4,17.8,13.2
03/08/2023,0.8,20,11.5
04/08/2023,3.2,18.1,8.7
05/08/2023,44.8,18.1,9.7
06/08/2023,1.8,20,8.7
07/08/2023,0,19.2,8.7
08/08/2023,0.3,19.7,10.4
09/08/2023,0,24,12.5
10/08/2023,0,23.8,14.2
11/08/2023,0,22.1,14.3
12/08/2023,1,20.9,14.8
13/08/2023,0,20.9,13.7
14/08/2023,0,21.2,12.5
15/08/2023,0,22,12.8
16/08/2023,0,18.8,10.4
17/08/2023,0,21.5,11.2
18/08/2023,21.4,18.3,15.2
19/08/2023,1.9,21.8,15.7
20/08/2023,0,22.6,14.4
21/08/2023,0,22.9,16
22/08/2023,0.4,20.9,12
23/08/2023,0.4,20.5,11.5
24/08/2023,0,19.3,10.8
25/08/2023,8.3,19.4,11.9
26/08/2023,3.9,19.8,11.2
27/08/2023,2,19.2,10
28/08/2023,0.2,18.6,9.7
29/08/2023,0,18.2,10.7
30/08/2023,0,18,9.8
31/08/2023,1.8,17.1,11.5
01/09/2023,0.3,19.9,13
02/09/2023,0,21.5,11.8
03/09/2023,0,24.2,10.4
04/09/2023,0,23.7,10
05/09/2023,0,22.1,14.8
06/09/2023,0,26.4,12.4
07/09/2023,0,25.3,15.3
08/09/2023,0,26.8,14.7
09/09/2023,0,26.1,16.4
10/09/2023,13.9,21,15.1
11/09/2023,8.5,18.4,12.9
12/09/2023,0.2,17.8,7.7
13/09/2023,0.8,17.4,5.9
14/09/2023,4.6,18.5,11.2
15/09/2023,26.6,12.2,10.8
16/09/2023,1.8,15.3,10.6
17/09/2023,21,15.6,14.4
18/09/2023,1,16.1,10.6
19/09/2023,9.6,20,11.4
20/09/2023,1.4,17.7,8.5
21/09/2023,0.1,17,5.8
22/09/2023,0.1,15.7,6
23/09/2023,0.1,17.3,4.3
24/09/2023,1.7,20.4,13.7
25/09/2023,0,19.6,13.7
26/09/2023,2.8,18.8,8.5
27/09/2023,11.2,18,9.2
28/09/2023,0.8,16.2,10.3
29/09/2023,0.1,18.1,9.1
30/09/2023,11.6,17.4,8
01/10/2023,0.6,19.6,9.8
02/10/2023,0,14.8,8.5
03/10/2023,0.1,17.2,9.4
04/10/2023,0,16.5,10.9
05/10/2023,3.6,17.8,12.9
06/10/2023,0.1,21.2,15.2
07/10/2023,0,21.8,14.5
08/10/2023,0,21.6,11.6
09/10/2023,0,23.4,13.1
10/10/2023,0,21.7,13.7
11/10/2023,7.8,16,5.4
12/10/2023,0,13.4,3.4
13/10/2023,2.9,13.9,6.3
14/10/2023,0.1,11.7,2.6
15/10/2023,0,11.3,1
16/10/2023,0,13.1,4.5
17/10/2023,10.1,13.2,10.3
18/10/2023,22,13.9,10.6
19/10/2023,16.6,18.2,12.5
20/10/2023,31,13.9,9.5
21/10/2023,2.5,11.5,5.2
22/10/2023,0.1,14.4,2.3
23/10/2023,10,14.6,9.9
24/10/2023,5.5,13.8,6.5
25/10/2023,2.7,13.3,4.6
26/10/2023,0.3,16.2,6.9
27/10/2023,1,14.3,4.8
28/10/2023,5.3,15.1,8.2
29/10/2023,3.4,12.7,4.4
30/10/2023,3,12.3,2.8
31/10/2023,2.7,13,7.2
01/11/2023,2.3,13,3.7
02/11/2023,1.7,10.5,4.5
03/11/2023,0.1,11.6,4.3
04/11/2023,12.3,10.9,4.9
05/11/2023,0.4,12,5.4
06/11/2023,0.1,11.5,6.1
07/11/2023,0.1,11.6,6.6
08/11/2023,2.6,12.2,4.3
09/11/2023,0.1,9.1,4.8
10/11/2023,2.9,10.5,4.1
11/11/2023,0.2,9.4,2.1
12/11/2023,3.5,13.5,8
13/11/2023,7.8,13.9,9.1
14/11/2023,0,12.8,8.2
15/11/2023,0,10.5,4
16/11/2023,0.6,10.3,4.1
17/11/2023,5,11.3,5.1
18/11/2023,0.4,14.6,10.6
19/11/2023,1.6,12.5,9
20/11/2023,0.6,11.5,6.9
21/11/2023,0,9.5,3.3
22/11/2023,0.4,11.8,8.7
23/11/2023,0.2,13.2,8.3
24/11/2023,0,9.1,1.3
25/11/2023,0,7.4,-1
26/11/2023,3.8,11,4.7
27/11/2023,0.3,9.1,2.9
28/11/2023,0,6.9,1.6
29/11/2023,1.4,6.1,0.6
30/11/2023,5,5.5,-1
01/12/2023,0,3.2,-2.5
02/12/2023,0.2,5.9,-2.5
03/12/2023,0.5,6.2,0.3
04/12/2023,0,5.5,2
05/12/2023,0,6.4,1.7
06/12/2023,1,9.1,1.4
07/12/2023,3.3,12.8,8.6
08/12/2023,0.2,10.2,8.5
09/12/2023,10.2,12,6.7
10/12/2023,8.4,10.9,6.6
11/12/2023,7.3,10.6,6
12/12/2023,0.2,9.3,4.1
13/12/2023,0.1,7.9,2.9
14/12/2023,0.1,9.1,7.1
15/12/2023,0,11.7,7.5
16/12/2023,0,12,8.3
17/12/2023,0.2,13.2,10.4
18/12/2023,0.9,13.9,9.2
19/12/2023,0.2,9.4,5.3
20/12/2023,0.6,11.3,6.8
21/12/2023,1.6,11.9,8.9
22/12/2023,0.7,10.9,9.2
23/12/2023,1.3,12.8,9.5
24/12/2023,2.4,13,9.1
25/12/2023,1.2,9.9,6.8
26/12/2023,3.4,8.3,3.4
27/12/2023,16.4,13.9,5.9
28/12/2023,0.7,9.6,6.7
29/12/2023,0,7,2.9
30/12/2023,4.6,11,2.8
31/12/2023,3.1,8.5,5.9
01/01/2024,7,10.9,2.9
02/01/2024,7.4,10.5,5.8
03/01/2024,0.2,8.5,5.8
04/01/2024,0.2,7.6,2.1
05/01/2024,0.2,7.1,1.9
06/01/2024,0,5.7,0.1
07/01/2024,2,3.2,-1.7
08/01/2024,2.8,5.7,0.8
09/01/2024,0,5.5,4.1
10/01/2024,0.4,7.2,4.2
11/01/2024,0,8.1,6.1
12/01/2024,0,6.2,1.4
13/01/2024,0.4,4.5,1.2
14/01/2024,0.1,5.7,0.1
15/01/2024,0,2.6,-2.2
16/01/2024,0,4.7,-1
17/01/2024,0,2.8,-3.9
18/01/2024,0,2.6,-4.1
19/01/2024,0,6.8,-1.7
20/01/2024,5.2,10.7,6.5
21/01/2024,5.2,14.1,6.6
22/01/2024,0.1,8.3,5.2
23/01/2024,6.8,14.8,5.3
24/01/2024,0,10.6,4.1
25/01/2024,3.1,14.1,5.2
26/01/2024,0.5,8.8,3.6
27/01/2024,0,11.6,6.7
28/01/2024,0.1,14.8,7.2
29/01/2024,15.8,7.2,2.2
30/01/2024,0,8.1,-0.2
31/01/2024,3.3,11.3,3.7
01/02/2024,0,10.1,2.8
02/02/2024,0.2,13.2,10
03/02/2024,0.7,11.7,8
04/02/2024,0.1,14.1,8.1
05/02/2024,0,12,9.3
06/02/2024,12.6,11.2,2.7
07/02/2024,0,6.9,0.5
08/02/2024,22.7,8.1,2.7
09/02/2024,4.5,7,4.2
10/02/2024,0.1,10.3,1.4
11/02/2024,0.1,9.2,2.4
12/02/2024,0.7,8.9,2.1
13/02/2024,3.2,9.7,3.1
14/02/2024,2.5,14,7.3
15/02/2024,4.6,13.2,5.8
16/02/2024,0.5,12,5.3
17/02/2024,1.6,13.8,5.3
18/02/2024,0.3,13.6,9.5
19/02/2024,0.7,12.1,8.1
20/02/2024,0.5,13.4,4.3
21/02/2024,2.3,13.9,7.8
22/02/2024,3,9.3,3.1
23/02/2024,0.6,8.1,2.6
24/02/2024,0.2,8.7,0.9
25/02/2024,4,8,1.2
26/02/2024,0,9.8,0.4
27/02/2024,0.6,11.5,0.3
28/02/2024,3.5,13,3.7
29/02/2024,1.1,9,1.2
01/03/2024,43.9,4.5,0.3
02/03/2024,0.1,8,1.3
03/03/2024,0.9,9.1,1.5
04/03/2024,6.7,8,1
05/03/2024,2.2,12.1,2.5
06/03/2024,0,10.8,0.9
07/03/2024,0,9.7,6.9
08/03/2024,0,7.8,5.2
09/03/2024,0.4,8.1,5.7
10/03/2024,3.5,8.6,6.9
11/03/2024,7.7,9.6,6.7
12/03/2024,0.2,15.1,6.7
13/03/2024,11.2,12.5,7.8
14/03/2024,8.3,15.2,7.4
15/03/2024,0.3,13,2.3
16/03/2024,2.2,13.4,1.2
17/03/2024,0,15.3,7.3
18/03/2024,0.8,12.8,5.3
19/03/2024,0.5,13.3,8.3
20/03/2024,5.5,11.7,2.9
21/03/2024,1.6,13.6,3
22/03/2024,0.2,12,3.8
23/03/2024,0.9,10.8,3.5
24/03/2024,1.4,11,3.9
25/03/2024,2.6,10.9,7.5
26/03/2024,5.2,9.7,6.3
27/03/2024,0.9,9.3,1.4
28/03/2024,4.3,10.4,1.5
29/03/2024,0,13.7,0.8
30/03/2024,0.7,12.9,3.6
31/03/2024,2,13.4,7.6
